# STAP-0 24-09 — RLZ-rekenregel btw per document (lees-only, nameting.sh rlz-lezen, GET op de gedeployde job-image 1995edd)
# label: V-<verkoopnr> = doorbelasting-verkoop Kempen Facilities (SalesInvoices/{guid}); S-<verkoopnr> = spiegel-inkoop in het doel (PurchaseInvoices/{guid});
#        I-<adm>-<boekstuk> = gewone module-inkoopfactuur (PurchaseInvoices/{uuid5}). Percentages: doorbelasting = vlak 21 % (instelling), inkoop = taxrate_cache van de module.
# H1 = document-btw == Σ per tarief round_half_up(Σ netto × pct); grootste_regel = elke regel round_half_up(netto × pct), de grootste regel (|netto|, eerste bij gelijk) draagt het verschil.
label	n_regels	netto_per_regel	taxamount_rlz_per_regel	TotalNetAmount	TotalTaxAmount	TotalPayableAmount	H1_klopt	grootste_regel_klopt	grootste_rest_klopt	eerste_regel_klopt	half_case	ons_btw	rlz_min_ons_ct	rlz_incl_min_factuur_ct
I-BLOw-RLZ-04-00000358	1	37.65	3.4	37.65	3.4	41.05	None	None	None	None	None	3.40	0	0
I-BLOw-RLZ-04-00000375	2	40.07|2.74	8.41|0.25	42.81	8.66	51.47	True	True	True	True	False	8.66	0	-1
I-BLOw-RLZ-04-00000379	2	199.74|50.4	17.98|0.0	250.14	17.98	268.12	None	None	None	None	None	17.98	0	0
I-BLOw-RLZ-04-00000386	2	8.21|1.28	1.72|0.12	9.49	1.84	11.33	True	True	True	True	False	1.85	-1	0
I-BLOw-RLZ-04-00000388	2	218.27|39.6	19.64|0.0	257.87	19.64	277.51	None	None	None	None	None	19.64	0	0
I-BLOw-RLZ-04-00000395	2	198.44|32.4	17.86|0.0	230.84	17.86	248.7	None	None	None	None	None	17.86	0	0
I-BLOw-RLZ-04-00000398	2	8.09|4.5	0.73|0.0	12.59	0.73	13.32	None	None	None	None	None	0.73	0	0
I-BLOw-RLZ-04-00000402	2	19.98|1.29	1.8|0.27	21.27	2.07	23.34	True	True	True	True	False	2.07	0	0
I-BLOw-RLZ-04-00000405	2	42.8|5.94	8.99|0.53	48.74	9.52	58.26	True	True	True	True	False	9.52	0	-1
I-BLOw-RLZ-04-00000407	2	356.92|64.8	32.12|0.0	421.72	32.12	453.84	None	None	None	None	None	32.12	0	0
I-BLOw-RLZ-04-00000410	2	177.66|20.79	37.3|4.37	198.45	41.67	240.12	True	True	False	True	False	41.68	-1	-1
I-BLOw-RLZ-04-00000415	2	34.95|10.5	3.15|0.0	45.45	3.15	48.6	None	None	None	None	None	3.15	0	0
I-BLOw-RLZ-04-00000417	2	1059.72|190.8	95.37|0.0	1250.52	95.37	1345.89	None	None	None	None	None	95.37	0	0
I-BLOw-RLZ-04-00000419	2	20.59|5.25	1.85|0.0	25.84	1.85	27.69	None	None	None	None	None	1.85	0	0
I-BLOw-RLZ-04-00000424	2	95.5|329.0	20.06|29.61	424.5	49.67	474.17	True	True	True	True	False	49.67	0	0
I-BLOw-RLZ-04-00000427	6	30.37|20.65|52.11|4.46|4.46|9.22	6.38|4.34|10.93|0.94|0.94|1.94	121.27	25.47	146.74	True	True	False	False	False	25.48	-1	-1
I-BLOw-RLZ-04-00000429	2	399.0|188.0	35.91|39.48	587.0	75.39	662.39	True	True	True	True	False	75.39	0	0
I-BLOw-RLZ-04-00000432	2	8.09|4.5	0.73|0.0	12.59	0.73	13.32	None	None	None	None	None	0.73	0	0
I-BLOw-RLZ-04-00000434	2	19.49|5.26	1.75|1.1	24.75	2.85	27.6	True	True	True	True	False	2.85	0	0
I-BLOw-RLZ-04-00000435	2	32.51|1.55	6.83|0.14	34.06	6.97	41.03	True	True	True	True	False	6.97	0	0
I-BLOw-RLZ-04-00000445	2	4.12|2.28	0.87|0.21	6.4	1.08	7.48	True	True	True	True	False	1.08	0	0
I-BLOw-RLZ-04-00000447	2	18.56|0.95	3.9|0.09	19.51	3.99	23.5	True	True	True	True	False	3.99	0	0
I-BLOw-RLZ-04-00000451	2	12.22|1.55	2.57|0.14	13.77	2.71	16.48	True	True	True	True	False	2.71	0	0
I-BLOw-RLZ-04-00000460	3	12.39|1.64|0.15	2.6|0.15|0.0	14.18	2.75	16.93	None	None	None	None	None	2.75	0	0
I-BLOw-RLZ-04-00000476	2	7.31|0.41	0.66|0.09	7.72	0.75	8.47	True	True	True	True	False	0.75	0	0
I-KF-RLZ-04-00004323	3	472.48|80.36|-1.95	99.22|16.88|0.0	550.89	116.1	666.99	None	None	None	None	None	116.35	-25	-25
I-KF-RLZ-04-00004327	2	139.5|139.5	29.29|29.3	279.0	58.59	337.59	True	True	False	True	False	58.60	-1	-1
I-KF-RLZ-04-00004348	8	1800.0|3500.0|365.0|130.0|409.5|221.0|0.0|126.4	378.0|735.0|76.65|27.3|86.0|46.41|0.0|26.54	6551.9	1375.9	7927.8	True	True	True	True	False	1375.89	1	0
I-KF-RLZ-04-00004376	2	1062.56|750.02	95.63|157.5	1812.58	253.13	2065.71	True	True	True	True	False	253.13	0	0
I-KF-RLZ-04-00004406	3	268.31|-1.0|45.6	56.34|0.0|9.58	312.91	65.92	378.83	None	None	None	None	None	65.93	-1	-1
I-KF-RLZ-04-00004407	3	1271.0|297.93|1997.5	266.91|62.57|419.47	3566.43	748.95	4315.38	True	True	True	False	False	748.96	-1	0
I-KF-RLZ-04-00004408	2	59.45|127.21	12.48|26.72	186.66	39.2	225.86	True	True	False	False	False	39.20	0	0
I-KF-RLZ-04-00004429	3	218.71|37.18|-2.0	45.93|7.81|0.0	253.89	53.74	307.63	None	None	None	None	None	53.74	0	0
I-KF-RLZ-04-00004443	3	58.46|4.68|5.26	12.28|0.98|1.1	68.4	14.36	82.76	True	True	True	True	False	14.36	0	0
I-KF-RLZ-04-00004444	4	236.17|18.89|21.26|-0.7	49.6|3.97|4.46|0.0	275.62	58.03	333.65	None	None	None	None	None	58.03	0	0
I-KF-RLZ-04-00004455	3	206.25|75.7|160.16	43.31|15.9|33.63	442.11	92.84	534.95	True	True	True	True	False	92.84	0	0
I-KF-RLZ-04-00004470	6	2020.0|3840.0|375.0|130.0|409.5|221.0	424.2|806.4|78.75|27.3|86.0|46.41	6995.5	1469.06	8464.56	True	True	True	True	False	1469.06	0	0
I-KF-RLZ-04-00004480	2	974.5|339.18	204.65|30.53	1313.68	235.18	1548.86	True	True	True	True	True	235.18	0	1
I-KF-RLZ-04-00004481	6	23.1|10.98|1.6|34.8|13.2|10.98	4.85|2.31|0.34|7.3|2.77|2.31	94.66	19.88	114.54	True	True	False	False	False	19.89	-1	0
I-KF-RLZ-04-00004482	2	636.06|410.21	57.25|86.14	1046.27	143.39	1189.66	True	True	True	True	False	143.39	0	0
I-KF-RLZ-04-00004485	3	1608.38|1608.38|49.0	337.76|337.76|10.29	3265.76	685.81	3951.57	True	True	True	True	False	685.81	0	0
I-KF-RLZ-04-00004489	2	113.14|59.66	23.76|12.53	172.8	36.29	209.09	True	True	True	True	False	36.29	0	0
I-KF-RLZ-04-00004512	3	1365.01|105.6|118.8	286.65|22.18|24.95	1589.41	333.78	1923.19	True	True	True	True	False	286.65	4713	0
I-KF-RLZ-04-00004514	3	248.72|19.9|22.38	52.23|4.18|4.7	291.0	61.11	352.11	True	True	True	True	False	61.11	0	0
I-KF-RLZ-04-00004515	4	236.17|-0.8|18.89|21.26	49.6|0.0|3.97|4.46	275.52	58.03	333.55	None	None	None	None	None	58.03	0	0
I-KF-RLZ-25-00004355	2	228.5|228.5	47.98|47.99	457.0	95.97	552.97	True	True	False	True	False	95.98	-1	0
I-KF-RLZ-25-00004473	2	228.5|228.5	47.98|47.99	457.0	95.97	552.97	True	True	False	True	False	95.98	-1	0
I-KF-RLZ-89-00004398	2	13689.82|3633.12	2874.86|762.96	17322.94	3637.82	20960.76	True	True	True	True	False	3636.86	96	97
I-KF-RLZ-89-00004484	12	1986.96|1168.8|553.09|302.6|274.5|834.75|556.5|556.5|80.42|80.42|80.42|0.02	417.23|245.45|116.15|63.55|57.65|175.3|116.87|116.87|16.89|16.89|16.89|0.0	6474.98	1359.74	7834.73	None	None	None	None	None	1359.77	-3	0
S-24713207	2	935.95|46.8	196.55|9.83	982.75	206.38	1189.13	True	True	True	True	False	206.38	0	
S-24713208	2	5400.0|270.0	1134.0|56.7	5670.0	1190.7	6860.7	True	True	True	True	False	1190.70	0	
S-24713210	4	472.48|80.36|-1.95|27.54	99.22|16.88|-0.41|5.78	578.43	121.47	699.9	True	True	True	True	False	121.47	0	
S-24713211	2	4343.5|217.18	912.13|45.61	4560.68	957.74	5518.42	True	True	True	True	False	957.75	-1	
S-24713213	2	357.0|17.85	74.97|3.75	374.85	78.72	453.57	True	True	True	True	False	78.72	0	
S-24713214	2	139.5|6.98	29.29|1.47	146.48	30.76	177.24	True	True	True	True	False	30.77	-1	
S-24713215	2	139.5|6.98	29.29|1.47	146.48	30.76	177.24	True	True	True	True	False	30.77	-1	
S-24713216	2	650.0|32.5	136.5|6.83	682.5	143.33	825.83	True	True	True	True	True	143.33	0	
S-24713225	3	419.25|71.27|24.53	88.04|14.97|5.15	515.05	108.16	623.21	True	True	True	True	False	108.16	0	
S-24713230	2	10338.89|516.94	2171.16|108.56	10855.83	2279.72	13135.55	True	True	True	True	False	2279.73	-1	
S-24713232	2	26.32|1.32	5.52|0.28	27.64	5.8	33.44	True	True	False	True	False	5.81	-1	
S-24713233	2	402.5|20.13	84.52|4.23	422.63	88.75	511.38	True	True	True	True	False	88.76	-1	
S-24713234	3	1800.0|130.0|96.5	378.0|27.3|20.27	2026.5	425.57	2452.07	True	True	True	True	True	425.57	0	
S-24713235	6	3500.0|365.0|409.5|221.0|126.4|231.1	735.0|76.65|86.0|46.41|26.54|48.53	4853.0	1019.13	5872.13	True	True	True	True	False	1019.13	0	
S-24713237	2	4552.08|227.6	955.93|47.8	4779.68	1003.73	5783.41	True	True	False	True	False	1003.74	-1	
S-24713244	2	1641.26|82.06	344.67|17.23	1723.32	361.9	2085.22	True	True	True	True	False	361.89	1	
S-24713245	2	1416.75|70.84	297.51|14.88	1487.59	312.39	1799.98	True	True	False	True	False	312.40	-1	
S-24713249	2	1850.0|92.5	388.5|19.43	1942.5	407.93	2350.43	True	True	True	True	True	407.93	0	
S-24713256	2	1053.45|52.67	221.23|11.06	1106.12	232.29	1338.41	True	True	True	True	False	232.28	1	
S-24713257	2	1053.45|52.67	221.23|11.06	1106.12	232.29	1338.41	True	True	True	True	False	232.28	1	
S-24713258	2	1053.45|52.67	221.23|11.06	1106.12	232.29	1338.41	True	True	True	True	False	232.28	1	
S-24713259	2	1053.45|52.67	221.23|11.06	1106.12	232.29	1338.41	True	True	True	True	False	232.28	1	
S-24713261	2	536.4|26.82	112.65|5.63	563.22	118.28	681.5	True	True	True	True	False	118.27	1	
S-24713262	2	223.33|11.17	46.9|2.35	234.5	49.25	283.75	True	True	True	True	True	49.25	0	
S-24713263	3	1062.56|750.02|90.63	223.14|157.5|19.03	1903.21	399.67	2302.88	True	True	True	True	False	399.67	0	
S-24713270	2	-300.0|-15.0	-63.0|-3.15	-315.0	-66.15	-381.15	True	True	True	True	False	-66.15	0	
S-24713276	2	395.08|19.75	82.96|4.15	414.83	87.11	501.94	True	True	True	True	False	87.12	-1	
S-24713279	2	3633.12|181.66	762.95|38.15	3814.78	801.1	4615.88	True	True	True	True	False	801.11	-1	
S-24713280	2	13689.82|684.49	2874.87|143.74	14374.31	3018.61	17392.92	True	True	False	True	False	3018.60	1	
S-24713283	2	1060.4|53.02	222.69|11.13	1113.42	233.82	1347.24	True	True	False	True	False	233.81	1	
S-24713284	2	1119.49|55.97	235.1|11.75	1175.46	246.85	1422.31	True	True	False	True	False	246.84	1	
S-24713289	2	59.45|2.97	12.49|0.62	62.42	13.11	75.53	True	True	True	True	False	13.10	1	
S-24713291	2	403.07|20.15	84.65|4.23	423.22	88.88	512.1	True	True	True	True	False	88.87	1	
S-24713294	2	10413.22|520.66	2186.77|109.34	10933.88	2296.11	13229.99	True	True	True	True	False	2296.12	-1	
S-24713296	2	11157.03|557.85	2342.97|117.15	11714.88	2460.12	14175.0	True	True	True	True	False	2460.13	-1	
S-24713301	2	70.99|3.55	14.9|0.75	74.54	15.65	90.19	True	True	False	True	False	15.66	-1	
S-24713312	2	4741.55|237.08	995.72|49.79	4978.63	1045.51	6024.14	True	True	True	True	False	1045.52	-1	
S-24713323	2	223.97|11.2	47.04|2.35	235.17	49.39	284.56	True	True	True	True	False	49.38	1	
S-24713325	4	4.68|5.26|58.46|3.42	0.98|1.1|12.28|0.72	71.82	15.08	86.9	True	True	True	True	False	15.08	0	
S-24713334	2	367.5|18.38	77.17|3.86	385.88	81.03	466.91	True	True	True	True	False	81.04	-1	
S-24713338	2	1053.45|52.67	221.23|11.06	1106.12	232.29	1338.41	True	True	True	True	False	232.28	1	
S-24713341	2	1053.45|52.67	221.23|11.06	1106.12	232.29	1338.41	True	True	True	True	False	232.28	1	
S-24713342	2	1053.45|52.67	221.23|11.06	1106.12	232.29	1338.41	True	True	True	True	False	232.28	1	
S-24713346	2	4718.75|235.94	990.93|49.55	4954.69	1040.48	5995.17	True	True	False	True	False	1040.49	-1	
S-24713347	2	4741.55|237.08	995.72|49.79	4978.63	1045.51	6024.14	True	True	True	True	False	1045.52	-1	
S-24713351	3	2020.0|130.0|107.5	424.2|27.3|22.58	2257.5	474.08	2731.58	True	True	True	True	False	474.08	0	
S-24713353	2	2254.7|112.74	473.48|23.68	2367.44	497.16	2864.6	True	True	False	True	False	497.17	-1	
S-24713362	3	974.5|339.18|65.68	204.65|71.23|13.79	1379.36	289.67	1669.03	True	True	True	True	False	289.67	0	
S-24713389	2	4775.68|238.78	1002.9|50.14	5014.46	1053.04	6067.5	True	True	False	True	False	1053.03	1	
V-24713207	2	935.95|46.8	196.55|9.83	982.75	206.38	1189.13	True	True	True	True	False	206.38	0	
V-24713208	2	5400.0|270.0	1134.0|56.7	5670.0	1190.7	6860.7	True	True	True	True	False	1190.70	0	
V-24713209	2	90.81|4.54	19.07|0.95	95.35	20.02	115.37	True	True	True	True	False	20.02	0	
V-24713210	4	472.48|80.36|-1.95|27.54	99.22|16.88|-0.41|5.78	578.43	121.47	699.9	True	True	True	True	False	121.47	0	
V-24713211	2	4343.5|217.18	912.13|45.61	4560.68	957.74	5518.42	True	True	True	True	False	957.75	-1	
V-24713212	2	362.52|18.13	76.13|3.81	380.65	79.94	460.59	True	True	True	True	False	79.94	0	
V-24713213	2	357.0|17.85	74.97|3.75	374.85	78.72	453.57	True	True	True	True	False	78.72	0	
V-24713214	2	139.5|6.98	29.29|1.47	146.48	30.76	177.24	True	True	True	True	False	30.77	-1	
V-24713215	2	139.5|6.98	29.29|1.47	146.48	30.76	177.24	True	True	True	True	False	30.77	-1	
V-24713216	2	650.0|32.5	136.5|6.83	682.5	143.33	825.83	True	True	True	True	True	143.33	0	
V-24713225	3	419.25|71.27|24.53	88.04|14.97|5.15	515.05	108.16	623.21	True	True	True	True	False	108.16	0	
V-24713230	2	10338.89|516.94	2171.16|108.56	10855.83	2279.72	13135.55	True	True	True	True	False	2279.73	-1	
V-24713232	2	26.32|1.32	5.52|0.28	27.64	5.8	33.44	True	True	False	True	False	5.81	-1	
V-24713233	2	402.5|20.13	84.52|4.23	422.63	88.75	511.38	True	True	True	True	False	88.76	-1	
V-24713234	3	1800.0|130.0|96.5	378.0|27.3|20.27	2026.5	425.57	2452.07	True	True	True	True	True	425.57	0	
V-24713235	6	3500.0|365.0|409.5|221.0|126.4|231.1	735.0|76.65|86.0|46.41|26.54|48.53	4853.0	1019.13	5872.13	True	True	True	True	False	1019.13	0	
V-24713237	2	4552.08|227.6	955.93|47.8	4779.68	1003.73	5783.41	True	True	False	True	False	1003.74	-1	
V-24713244	2	1641.26|82.06	344.67|17.23	1723.32	361.9	2085.22	True	True	True	True	False	361.89	1	
V-24713245	2	1416.75|70.84	297.51|14.88	1487.59	312.39	1799.98	True	True	False	True	False	312.40	-1	
V-24713249	2	1850.0|92.5	388.5|19.43	1942.5	407.93	2350.43	True	True	True	True	True	407.93	0	
V-24713256	2	1053.45|52.67	221.23|11.06	1106.12	232.29	1338.41	True	True	True	True	False	232.28	1	
V-24713257	2	1053.45|52.67	221.23|11.06	1106.12	232.29	1338.41	True	True	True	True	False	232.28	1	
V-24713258	2	1053.45|52.67	221.23|11.06	1106.12	232.29	1338.41	True	True	True	True	False	232.28	1	
V-24713259	2	1053.45|52.67	221.23|11.06	1106.12	232.29	1338.41	True	True	True	True	False	232.28	1	
V-24713261	2	536.4|26.82	112.65|5.63	563.22	118.28	681.5	True	True	True	True	False	118.27	1	
V-24713262	2	223.33|11.17	46.9|2.35	234.5	49.25	283.75	True	True	True	True	True	49.25	0	
V-24713263	3	1062.56|750.02|90.63	223.14|157.5|19.03	1903.21	399.67	2302.88	True	True	True	True	False	399.67	0	
V-24713270	2	-300.0|-15.0	-63.0|-3.15	-315.0	-66.15	-381.15	True	True	True	True	False	-66.15	0	
V-24713276	2	395.08|19.75	82.96|4.15	414.83	87.11	501.94	True	True	True	True	False	87.12	-1	
V-24713279	2	3633.12|181.66	762.95|38.15	3814.78	801.1	4615.88	True	True	True	True	False	801.11	-1	
V-24713280	2	13689.82|684.49	2874.87|143.74	14374.31	3018.61	17392.92	True	True	False	True	False	3018.60	1	
V-24713283	2	1060.4|53.02	222.69|11.13	1113.42	233.82	1347.24	True	True	False	True	False	233.81	1	
V-24713284	2	1119.49|55.97	235.1|11.75	1175.46	246.85	1422.31	True	True	False	True	False	246.84	1	
V-24713286	4	268.31|-1.0|45.6|15.65	56.34|-0.21|9.58|3.29	328.56	69.0	397.56	True	True	True	True	False	69.01	-1	
V-24713288	3	1271.0|297.93|78.45	266.91|62.57|16.47	1647.38	345.95	1993.33	True	True	True	True	False	345.95	0	
V-24713289	2	59.45|2.97	12.49|0.62	62.42	13.11	75.53	True	True	True	True	False	13.10	1	
V-24713291	2	403.07|20.15	84.65|4.23	423.22	88.88	512.1	True	True	True	True	False	88.87	1	
V-24713293	2	412.77|20.64	86.69|4.33	433.41	91.02	524.43	True	True	False	True	False	91.01	1	
V-24713294	2	10413.22|520.66	2186.77|109.34	10933.88	2296.11	13229.99	True	True	True	True	False	2296.12	-1	
V-24713296	2	11157.03|557.85	2342.97|117.15	11714.88	2460.12	14175.0	True	True	True	True	False	2460.13	-1	
V-24713299	3	177.33|1043.08|61.02	37.24|219.05|12.81	1281.43	269.1	1550.53	True	True	True	True	False	269.10	0	
V-24713301	2	70.99|3.55	14.9|0.75	74.54	15.65	90.19	True	True	False	True	False	15.66	-1	
V-24713305	2	54.8|2.74	11.5|0.58	57.54	12.08	69.62	True	True	False	True	False	12.09	-1	
V-24713310	4	37.18|-2.0|218.71|12.69	7.81|-0.42|45.93|2.66	266.58	55.98	322.56	True	True	True	True	False	55.98	0	
V-24713312	2	4741.55|237.08	995.72|49.79	4978.63	1045.51	6024.14	True	True	True	True	False	1045.52	-1	
V-24713322	2	289.07|14.45	60.71|3.03	303.52	63.74	367.26	True	True	True	True	False	63.73	1	
V-24713323	2	223.97|11.2	47.04|2.35	235.17	49.39	284.56	True	True	True	True	False	49.38	1	
V-24713325	4	4.68|5.26|58.46|3.42	0.98|1.1|12.28|0.72	71.82	15.08	86.9	True	True	True	True	False	15.08	0	
V-24713326	5	236.17|18.89|21.26|-0.7|13.78	49.6|3.97|4.46|-0.15|2.89	289.4	60.77	350.17	True	True	True	True	False	60.77	0	
V-24713328	2	12.94|0.65	2.71|0.14	13.59	2.85	16.44	True	True	False	True	False	2.86	-1	
V-24713329	2	19.5|0.98	4.09|0.21	20.48	4.3	24.78	True	True	True	True	False	4.31	-1	
V-24713330	2	1060.4|53.02	222.69|11.13	1113.42	233.82	1347.24	True	True	False	True	False	233.81	1	
V-24713334	2	367.5|18.38	77.17|3.86	385.88	81.03	466.91	True	True	True	True	False	81.04	-1	
V-24713336	4	75.7|206.25|160.16|22.11	15.9|43.32|33.63|4.64	464.22	97.49	561.71	True	True	False	False	False	97.48	1	
V-24713338	2	1053.45|52.67	221.23|11.06	1106.12	232.29	1338.41	True	True	True	True	False	232.28	1	
V-24713341	2	1053.45|52.67	221.23|11.06	1106.12	232.29	1338.41	True	True	True	True	False	232.28	1	
V-24713342	2	1053.45|52.67	221.23|11.06	1106.12	232.29	1338.41	True	True	True	True	False	232.28	1	
V-24713346	2	4718.75|235.94	990.93|49.55	4954.69	1040.48	5995.17	True	True	False	True	False	1040.49	-1	
V-24713347	2	4741.55|237.08	995.72|49.79	4978.63	1045.51	6024.14	True	True	True	True	False	1045.52	-1	
V-24713348	2	304.21|15.21	63.89|3.19	319.42	67.08	386.5	True	True	True	True	False	67.07	1	
V-24713351	3	2020.0|130.0|107.5	424.2|27.3|22.58	2257.5	474.08	2731.58	True	True	True	True	False	474.08	0	
V-24713352	5	375.0|3840.0|409.5|221.0|242.28	78.75|806.39|86.0|46.41|50.88	5087.78	1068.43	6156.21	True	True	False	False	False	1068.44	-1	
V-24713353	2	2254.7|112.74	473.48|23.68	2367.44	497.16	2864.6	True	True	False	True	False	497.17	-1	
V-24713360	2	82.5|4.13	17.32|0.87	86.63	18.19	104.82	True	True	True	True	False	18.20	-1	
V-24713361	2	145.25|7.26	30.51|1.52	152.51	32.03	184.54	True	True	False	True	False	32.02	1	
V-24713362	3	974.5|339.18|65.68	204.65|71.23|13.79	1379.36	289.67	1669.03	True	True	True	True	False	289.67	0	
V-24713363	3	10.98|13.2|1.21	2.31|2.77|0.25	25.39	5.33	30.72	True	True	True	True	False	5.33	0	
V-24713364	5	10.98|34.8|1.6|23.1|3.52	2.31|7.3|0.34|4.85|0.74	74.0	15.54	89.54	True	True	False	False	False	15.55	-1	
V-24713365	3	410.21|636.06|52.31	86.14|133.57|10.99	1098.58	230.7	1329.28	True	True	True	True	False	230.70	0	
V-24713367	5	274.5|80.42|556.5|1168.8|104.01	57.65|16.89|116.87|245.44|21.84	2184.23	458.69	2642.92	True	True	False	False	False	458.70	-1	
V-24713368	8	834.75|302.6|1986.96|80.42|556.5|80.42|553.09|219.74	175.3|63.55|417.24|16.89|116.87|16.89|116.15|46.15	4614.48	969.04	5583.52	True	True	False	False	False	969.06	-2	
V-24713369	3	1608.38|24.5|81.64	337.76|5.15|17.14	1714.52	360.05	2074.57	True	True	True	True	False	360.05	0	
V-24713370	3	1608.38|24.5|81.64	337.76|5.15|17.14	1714.52	360.05	2074.57	True	True	True	True	False	360.05	0	
V-24713371	3	1608.38|24.5|81.64	337.76|5.15|17.14	1714.52	360.05	2074.57	True	True	True	True	False	360.05	0	
V-24713372	3	1608.38|24.5|81.64	337.76|5.15|17.14	1714.52	360.05	2074.57	True	True	True	True	False	360.05	0	
V-24713375	2	59.66|2.98	12.52|0.63	62.64	13.15	75.79	True	True	False	True	False	13.16	-1	
V-24713383	2	2250.0|112.5	472.5|23.63	2362.5	496.13	2858.63	True	True	True	True	True	496.13	0	
V-24713388	2	577.26|28.86	121.23|6.06	606.12	127.29	733.41	True	True	True	True	False	127.28	1	
V-24713389	2	4775.68|238.78	1002.9|50.14	5014.46	1053.04	6067.5	True	True	False	True	False	1053.03	1	
V-24713390	2	262.5|13.13	55.12|2.76	275.63	57.88	333.51	True	True	True	True	False	57.89	-1	
V-24713391	2	171.88|8.59	36.1|1.8	180.47	37.9	218.37	True	True	True	True	False	37.89	1	
V-24713394	2	1028.13|51.41	215.9|10.8	1079.54	226.7	1306.24	True	True	False	True	False	226.71	-1	
V-24713398	4	1365.01|118.8|105.6|79.47	286.64|24.95|22.18|16.69	1668.88	350.46	2019.34	True	True	False	True	False	350.47	-1	
V-24713399	4	19.9|248.72|22.38|14.55	4.18|52.23|4.7|3.06	305.55	64.17	369.72	True	True	True	True	False	64.17	0	
V-24713400	5	236.17|21.26|-0.8|18.89|13.78	49.6|4.46|-0.17|3.97|2.89	289.3	60.75	350.05	True	True	True	True	False	60.75	0	
